OBJECTID;Anlage;Adresse;Typ;Gruppe;X;Y;Lon;Lat
1;Klettergarten Roßfall (ÖAV);Höttinger Alm;Klettergarten;Fitness/Klettern;78027,371199999907000;240239,702500001000000;11,364655117000000;47,296369260000098
2;Klettergarten Mühlauer Klamm;Rechenhofweg;Klettergarten;Fitness/Klettern;81906,832499999597000;239776,627499999010000;11,415853409000100;47,291733049000101
3;Klettergarten Mühlauer Klamm;Rechenhofweg;Klettergarten;Fitness/Klettern;81840,632700000002000;239763,313599999990000;11,414975950000001;47,291621558000102
4;Landeshauptschießstand Arzl;Eggenwaldweg 60;Schießstand;Sonstiges;82765,735000000306000;239605,217499999010000;11,427174571000100;47,290084024000102
5;Waldspielplatz Arzl;Eggenwaldweg;Fußballplatz;Fußball/Football;82569,487599999600000;239537,933400000010000;11,424568263000101;47,289503603000099
6;Waldspielplatz Arzl;Eggenwaldweg;Leichtathletikanlage;Sonstiges;82578,557900000407000;239501,086200001010000;11,424681349000100;47,289171096000103
7;Fitnessparkour Fit 2000 Hungerburg;Hungerburgweg;Fitnessparkour;Fitness/Klettern;80537,183099999995000;239217,350899999990000;11,397648771000100;47,286872561000102
8;Spielplatz Hungerburg;Gramartstraße;Sportplatz;Spielplatz;80319,834800000302000;239190,530700000000000;11,394771312000000;47,286657939000101
9;Tennisplätze Hungerburg;Gramartstraße 23;Tennisplatz;Tennis/Squash;80242,851300000199000;239003,210999998990000;11,393720261000100;47,284982743999997
10;Sporthalle VS Arzl;Framsweg 19;Sporthalle;Sporthalle;82705,703800000294000;239009,126499998990000;11,426270954000101;47,284730911000104
11;Tennisplätze Hungerburg;Gramartstraße 23;Tennisplatz;Tennis/Squash;80225,730000000403000;238995,711899999990000;11,393492636000101;47,284917392000096
12;Tennisplätze Hungerburg;Gramartstraße 23;Tennisplatz;Tennis/Squash;80257,864400000297000;238968,851900000010000;11,393912518000100;47,284671916000001
13;Tennisplätze Hungerburg;Gramartstraße 23;Tennisplatz;Tennis/Squash;80240,860199999996000;238961,417400001000000;11,393686454000100;47,284607131000101
14;Sporthalle VS Mühlau;Hauptplatz 3;Sporthalle;Sporthalle;81636,361499999693000;238883,886000000000000;11,412115502000100;47,283738190000101
15;Sportplatz Mühlenweg;Mühlenweg;Sportplatz;Spielplatz;81878,448300000295000;238835,258600000000000;11,415306010000100;47,283270794000103
16;Sportplatz Mühlenweg;Mühlenweg;Basketballplatz;Funsport;81849,629900000102000;238833,003499999990000;11,414924739000099;47,283254100000100
17;Spielplatz Gramartboden;Gramartstraße;Sportplatz;Spielplatz;79000,653400000199000;238746,224199999010000;11,377257550000101;47,282821958000099
18;Klettergarten Höttinger Steinbruch (ÖAV);Höhenstraße;Klettergarten;Fitness/Klettern;80293,755300000295000;238694,272399999000000;11,394337614000101;47,282198208000104
19;Spielplatz Jugendwohnheim Schwedenhaus;Rennweg 17b;Sportplatz;Spielplatz;80682,016099999702000;238149,081700001000000;11,399370482000100;47,277247742999997
20;Sportanlage BHAK/BHAS Innsbruck;Karl-Schönherr-Straße 2;Leichtathletikanlage;Sonstiges;80745,344200000196000;238035,440500000000000;11,400186834000101;47,276217985000102
21;Sporthalle VS Neuarzl;Rotadlerstraße 10;Sporthalle;Sporthalle;83494,260800000295000;237960,109800000010000;11,436496963000099;47,275197474000002
22;Sporthalle VS Neuarzl;Rotadlerstraße 10;Sporthalle;Sporthalle;83479,181800000399000;237956,422200000000000;11,436297026000100;47,275166225000099
23;Spielplatz Schützenstraße;Schützenstraße;Sportplatz;Spielplatz;83419,555800000206000;237906,052800000000000;11,435499763999999;47,274720813999998
24;Spielplatz Grenobler Brücke;Reichenauer Straße;Beachvolleyballplatz;Funsport;82756,631099999897000;237913,426299999990000;11,426741491000101;47,274870830000097
25;Spielplatz Grenobler Brücke;Reichenauer Straße;Streetballplatz;Funsport;82799,531299999901000;237894,407600001000000;11,427304843000099;47,274694398000101
26;Spielplatz Roßbachstraße;Roßbachstraße;Sportplatz;Spielplatz;82425,588399999804000;237889,747600000000000;11,422362840000099;47,274699435999999
27;Spielplatz Grenobler Brücke;Reichenauer Straße;Skate-/Rollerbladeplatz;Funsport;82856,756199999698000;237858,323999999000000;11,428054316000001;47,274362693000100
28;Spielplatz Kärntner Park;Kärntner Straße;Sportplatz;Spielplatz;81732,137500000201000;237836,649999999990000;11,413190116000100;47,274308419000100
29;Tennisclub IEV;Reichenauer Straße 144;Tennishalle;Tennis/Squash;82685,351800000295000;237831,531500001000000;11,425784510000099;47,274143307000102
30;Tennisclub IEV;Reichenauer Straße 144;Tennisplatz;Tennis/Squash;82687,691300000093000;237786,850099998990000;11,425807173000100;47,273741191000099
31;Sportanlage HS Reichenau;Burghard-Breitner-Straße 20-22;Sportplatz;Spielplatz;82635,972699999795000;237771,819300000000000;11,425121022000001;47,273612514000000
32;Sportanlage HS Reichenau;Burghard-Breitner-Straße 20-22;Leichtathletikanlage;Sonstiges;82609,265899999999000;237773,946900001000000;11,424768528000101;47,273635001000102
33;Sportanlage HS Reichenau;Burghard-Breitner-Straße 20-22;Leichtathletikanlage;Sonstiges;82609,953300000197000;237750,484900000010000;11,424773283000100;47,273423920000099
34;Tennisclub IEV;Reichenauer Straße 144;Tennisplatz;Tennis/Squash;82797,728299999595000;237743,038100000010000;11,427253035000099;47,273333351000097
35;Tennisclub IEV;Reichenauer Straße 144;Tennisplatz;Tennis/Squash;82780,738099999697000;237742,649599998990000;11,427028467000101;47,273331994999999
36;Tennisclub IEV;Reichenauer Straße 144;Tennisplatz;Tennis/Squash;82763,712299999796000;237742,258500000000000;11,426803428000101;47,273330618999999
37;Tennisclub IEV;Reichenauer Straße 144;Tennisplatz;Tennis/Squash;82746,686599999695000;237741,867499999990000;11,426578391000101;47,273329244000102
38;Tennisclub IEV;Reichenauer Straße 144;Tennisplatz;Tennis/Squash;82729,435499999701000;237741,473999999000000;11,426350374000000;47,273327874000103
39;Spielplatz Gutshofweg;Gutshofweg;Sportplatz;Spielplatz;82167,339399999895000;237744,073100001000000;11,418923701000001;47,273421671999998
40;Sportanlage VS Siebererstraße;Siebererstraße 7;Sportplatz;Spielplatz;80986,478500000201000;237728,888599998990000;11,403317777000000;47,273431495000104
41;Sportanlage HS Reichenau;Burghard-Breitner-Straße 20-22;Sportplatz;Spielplatz;82590,940799999997000;237726,501399998990000;11,424517643000099;47,273210620999997
42;Sportanlage HS Reichenau;Burghard-Breitner-Straße 20-22;Sporthalle;Sporthalle;82636,476599999703000;237735,007799999990000;11,425120888000000;47,273281403000098
43;Tennisclub IEV;Reichenauer Straße 144;Tennisplatz;Tennis/Squash;82815,198300000295000;237732,843599999000000;11,427481986000100;47,273239472999997
44;Tennisclub IEV;Reichenauer Straße 144;Tennisplatz;Tennis/Squash;82816,198800000406000;237703,094699999000000;11,427489706000101;47,272971814000101
45;Tennisclub IEV;Reichenauer Straße 144;Tennisplatz;Tennis/Squash;82799,190799999997000;237702,427100000990000;11,427264852000100;47,272967951000098
46;Tennisclub IEV;Reichenauer Straße 144;Tennisplatz;Tennis/Squash;82782,122499999605000;237701,748299998990000;11,427039200000101;47,272963993000097
47;Tennisclub IEV;Reichenauer Straße 144;Tennisplatz;Tennis/Squash;82765,102400000207000;237701,073200000010000;11,426814185000101;47,272960063000099
48;Tennisclub IEV;Reichenauer Straße 144;Tennisplatz;Tennis/Squash;82748,082299999907000;237700,398200000000000;11,426589171000000;47,272956133000001
49;Tennisclub IEV;Reichenauer Straße 144;Tennisplatz;Tennis/Squash;82731,095999999903000;237699,729200000000000;11,426364604000099;47,272952252000003
50;Sportanlage HS Reichenau;Burghard-Breitner-Straße 20-22;Sporthalle;Sporthalle;82618,047500000306000;237704,664899999010000;11,424871782000100;47,273010842000097
51;Sportanlage VS Siebererstraße;Siebererstraße 7;Sporthalle;Sporthalle;81029,571499999598000;237698,148600001000000;11,403881621000000;47,273149742999998
52;Schießstand Hegnerschule;Burghard-Breitner-Straße 20;Schießstandhalle;Sonstiges;82603,797000000297000;237675,189099999000000;11,424678052000001;47,272747553000002
53;Sportanlage VS Siebererstraße;Siebererstraße 7;Sporthalle;Sporthalle;81001,679300000003000;237659,748400001000000;11,403506128000100;47,272807839000102
54;Fußballplatz Olympisches Dorf;An-der-Lan-Straße;Fußballplatz;Fußball/Football;84124,443400000193000;237626,103299999990000;11,444761254000101;47,272113490000002
55;Tischtennishalle Hegnerschule;Burghard-Breitner-Straße 20;Sporthalle;Sporthalle;82612,176400000200000;237656,659799999990000;11,424785352000100;47,272579866000100
56;Kegelbahn Hegnerschule;Burghard-Breitner-Straße 20;Kegelbahn;Sporthalle;82627,539400000096000;237657,626499998990000;11,424988523000099;47,272586631000102
57;Sporthalle VS Reichenau;Wörndlestraße 3;Sporthalle;Sporthalle;82141,814399999595000;237647,705099999990000;11,418568757000100;47,272558214000099
58;Sportanlage VS Siebererstraße;Siebererstraße 7;Sporthalle;Sporthalle;81043,857300000294000;237652,862600001010000;11,404062189999999;47,272740720999998
59;Sporthalle VS Reichenau;Wörndlestraße 3;Sporthalle;Sporthalle;82123,720099999598000;237637,615200000000000;11,418327825000100;47,272469733000001
60;Spielplatz Sepp-Grünbacher-Promenade;Sepp-Grünbacher-Promenade;Sportplatz;Spielplatz;83599,115299999699000;237623,455700001010000;11,437819639000100;47,272156625000001
61;Tischtennis Verbandsraum VS Reichenau;Wörndlestraße 3;Sporthalle;Sporthalle;82120,802899999500000;237609,795399999010000;11,418284179000100;47,272219911000001
62;Spielplatz Grüner Boden;oberhalb Sadrachstraße 31;Sportplatz;Spielplatz;77973,850300000006000;237593,033299998990000;11,363486643000000;47,272573538000103
63;Tennis Union Turnerschaft Innsbruck;Radetzkystraße 41;Tennisplatz;Tennis/Squash;82586,017099999794000;237578,082900001000000;11,424425219000099;47,271876503000001
64;Tennis Union Turnerschaft Innsbruck;Radetzkystraße 41;Tennisplatz;Tennis/Squash;82570,038800000199000;237571,590600001010000;11,424212902000100;47,271820122000101
65;Tennis Union Turnerschaft Innsbruck;Radetzkystraße 41;Tennisplatz;Tennis/Squash;82554,029199999801000;237565,089100000010000;11,424000170000101;47,271763662000097
66;Tennis Union Turnerschaft Innsbruck;Radetzkystraße 41;Tennishalle;Tennis/Squash;82528,957299999907000;237555,452800000000000;11,423667121999999;47,271680146999998
67;Tennis Union Turnerschaft Innsbruck;Radetzkystraße 41;Tennishalle;Tennis/Squash;82512,691300000093000;237548,819099999990000;11,423450979000100;47,271622529000098
68;Tennis Union Turnerschaft Innsbruck;Radetzkystraße 41;Tennisplatz;Tennis/Squash;82600,449699999794000;237542,376300000000000;11,424609331000100;47,271553580000003
69;Tennis Union Turnerschaft Innsbruck;Radetzkystraße 41;Tennishalle;Tennis/Squash;82496,435399999798000;237542,184500000000000;11,423234970000101;47,271564902000101
70;Tennis Union Turnerschaft Innsbruck;Radetzkystraße 41;Tennisplatz;Tennis/Squash;82584,538700000398000;237535,913500000000000;11,424397910000000;47,271497456000098
71;Tennis Union Turnerschaft Innsbruck;Radetzkystraße 41;Tennisplatz;Tennis/Squash;82568,504599999593000;237529,422599999000000;11,424184857000100;47,271441095000100
72;Tennis Union Turnerschaft Innsbruck;Radetzkystraße 41;Tennisplatz;Tennis/Squash;82544,712000000305000;237518,510299999000000;11,423868479000101;47,271345945000100
73;Tennis Union Turnerschaft Innsbruck;Radetzkystraße 41;Tennisplatz;Tennis/Squash;82528,449300000400000;237511,922700001010000;11,423652389000001;47,271288742000102
74;Spielplatz Riedgasse;Riedgasse;Sportplatz;Spielplatz;79865,384499999695000;237517,899399999990000;11,388466629000099;47,271671039000097
75;Tennis Union Turnerschaft Innsbruck;Radetzkystraße 41;Beachvolleyballplatz;Funsport;82614,641599999697000;237509,308300000000000;11,424790748000101;47,271254415999998
76;Tennis Union Turnerschaft Innsbruck;Radetzkystraße 41;Tennisplatz;Tennis/Squash;82512,163300000102000;237505,339199999000000;11,423435993000099;47,271231578000098
77;Tennis Union Turnerschaft Innsbruck;Radetzkystraße 41;Beachvolleyballplatz;Funsport;82599,771200000294000;237502,553400000990000;11,424593023000099;47,271195535000103
78;Fußballplatz Fennerareal;Kaiserjägerstraße;Fußballplatz;Fußball/Football;80687,007199999905000;237471,580499998990000;11,399314387000100;47,271154274000097
79;Tennis Union Turnerschaft Innsbruck;Radetzkystraße 41;Beachvolleyballplatz;Funsport;82583,070899999700000;237495,045600001000000;11,424370982000100;47,271130113000098
80;Sporthalle VS St. Nikolaus;Innallee 3;Sporthalle;Sporthalle;80188,234600000098000;237496,456999999990000;11,392728616000101;47,271438949000100
81;Tennis Union Turnerschaft Innsbruck;Radetzkystraße 41;Tennisplatz;Tennis/Squash;82538,158099999695000;237481,839899999990000;11,423775127000100;47,271016988000000
82;Sporthalle HS Olympisches Dorf;Kajetan-Sweth-Straße 14;Sporthalle;Sporthalle;84012,668899999902000;237448,440600000000000;11,443251064000000;47,270530047000101
83;Tennis Union Turnerschaft Innsbruck;Radetzkystraße 41;Tennisplatz;Tennis/Squash;82542,526299999998000;237469,449100000990000;11,423830559000100;47,270905009000003
84;Schießstand Hötting;Schwabeneckweg 7;Schießstandhalle;Sonstiges;78879,453300000197000;237446,638100000010000;11,375426895000100;47,271149069000003
85;Turnleistungszentrum Olympisches Dorf;Kajetan-Sweth-Straße 14;Sporthalle;Sporthalle;83995,275000000402000;237410,499900000000000;11,443014133000100;47,270191066999999
86;Spielplatz Kajetan-Sweth-Straße;Kajetan-Sweth-Straße;Sportplatz;Spielplatz;84058,278099999807000;237383,011900000010000;11,443841399000100;47,269935823000097
87;Spielplatz Kindergarten Hötting;Schneeburggasse 30;Sportplatz;Spielplatz;79325,677899999500000;237391,073700000010000;11,381312996000100;47,270595741000101
88;Spielplatz Waltherpark;Innstraße;Sportplatz;Spielplatz;80130,321100000307000;237383,738700001010000;11,391943245000100;47,270432309000100
89;Fußballplatz Reichenau;Klappholzstraße 2;Fußballplatz;Fußball/Football;82092,392599999905000;237289,502299999990000;11,417850096000100;47,269343034000102
90;Sporthalle HS Pembaurstraße;Pembaurstraße 18;Sporthalle;Sporthalle;81557,203200000295000;237292,330900000000000;11,410779499000100;47,269435006000002
91;Sporthalle HS Gabelsbergerstraße;Gabelsbergerstraße 1;Sporthalle;Sporthalle;81535,488699999594000;237286,085400000010000;11,410491462000000;47,269381529999997
92;Fußballplatz Reichenau;Klappholzstraße 2;Fußballplatz;Fußball/Football;82044,421199999793000;237245,931799999990000;11,417208303000100;47,268957182000101
93;SVO Stockschützenverein Olympisches Dorf;Kugelfangweg 48;Bocciabahn;Sonstiges;84328,830699999802000;237264,339400000990000;11,447393694000100;47,268833990000097
94;Sporthalle VS Dreiheiligen;Jahnstraße 5;Sporthalle;Sporthalle;81001,457700000101000;237243,986899999990000;11,403428022000099;47,269068871000101
95;Spielplatz Durigstraße;Durigstraße;Sportplatz;Spielplatz;82604,300300000206000;237234,450400000000000;11,424603427000100;47,268783900000102
96;Spielplatz Andechsstraße;Andechsstraße;Sportplatz;Spielplatz;82407,587700000004000;237202,399399999990000;11,421998531000000;47,268520322000100
97;Schießstand Vereinsheim Reichenau;Valiergasse 8a;Schießstandhalle;Sonstiges;82862,628999999695000;237155,198799998990000;11,428001846000100;47,268038714000099
98;Sporthalle VS Mariahilf;Dr.-Sigismund-Epp-Weg 3;Sporthalle;Sporthalle;79679,774000000194000;237140,567199999000000;11,385947040000101;47,268300121000003
99;Sporthalle VS Pradl-Leitgeb;Pradler Platz 8;Sporthalle;Sporthalle;81330,527900000103000;237077,278599999990000;11,407745537000000;47,267529065000097
100;Sporthalle VS Allerheiligen;Karl-Innerebner-Straße 70;Sporthalle;Sporthalle;77446,353600000002000;237075,488500001000000;11,356427164000101;47,267981401999997
101;Bocciaanlage Stadtpark Rapoldi;Pradler Platz;Bocciabahn;Sonstiges;81244,245599999995000;237059,190199998990000;11,406602302000101;47,267377049000103
102;Sportanlage Andechsstraße;Andechsstraße 70;Fußballplatz;Fußball/Football;82393,899500000305000;237022,800100001010000;11,421784651999999;47,266906886000100
103;Sportanlage Stadtpark Rapoldi;Pradler Platz;Streetballplatz;Funsport;81253,459699999497000;237041,820699998990000;11,406720887000100;47,267219705999999
104;Sportanlage Stadtpark Rapoldi;Pradler Platz;Basketballplatz;Funsport;81237,770999999702000;237023,746500000010000;11,406510334000100;47,267059099000100
105;Sportanlage Andechsstraße;Andechsstraße 70;Beachvolleyballplatz;Funsport;82352,182900000407000;237022,562999999010000;11,421233461000000;47,266909974000001
106;Sportanlage Andechsstraße;Andechsstraße 70;Streetballplatz;Funsport;82325,201600000306000;237027,324999998990000;11,420877867000099;47,266956174000100
107;Spielplatz Lohbachufer;Lohbachufer;Skate-/Rollerbladeplatz;Funsport;76501,502899999701000;237007,247500000990000;11,343931872000001;47,267478165999997
108;Sportanlage Stadtpark Rapoldi;Pradler Platz;Streetballplatz;Funsport;81262,450199999803000;237020,619799999990000;11,406835823000099;47,267027934000097
109;Sportanlage Andechsstraße;Andechsstraße 70;Basketballplatz;Funsport;82311,167299999899000;237016,841600001000000;11,420690524000101;47,266863651000101
110;Sportanlage Andechsstraße;Andechsstraße 70;Streetballplatz;Funsport;82322,039999999994000;237017,837900000010000;11,420834353000100;47,266871251000097
111;Sportanlage Andechsstraße;Andechsstraße 70;Streetballplatz;Funsport;82318,878499999599000;237008,350799999990000;11,420790842000100;47,266786329000098
112;Sportanlage Andechsstraße;Andechsstraße 70;Beachsoccerplatz;Funsport;82345,172299999700000;237001,580499998990000;11,421136983000100;47,266722154000000
113;Kegelbahn HS Hötting West;Viktor-Franz-Hess-Straße 9;Kegelbahn;Sporthalle;76557,004599999593000;236999,733299999990000;11,344663886000101;47,267404137000099
114;Eisschützenclub Tirol;Egerdachstraße 71;Bocciabahn;Sonstiges;82373,294800000294000;236964,938800000000000;11,421501791000100;47,266389113999999
115;Spielplatz Lohbachufer;Lohbachufer;Sportplatz;Spielplatz;76394,122499999605000;236949,147900000010000;11,342503238000100;47,266968126999998
116;Eisschützenclub Tirol;Egerdachstraße 71;Bocciabahn;Sonstiges;82373,404599999994000;236958,717900001010000;11,421502098000101;47,266333154999998
117;Sporthalle HS Hötting West;Viktor-Franz-Hess-Straße 9;Sporthalle;Sporthalle;76567,178299999796000;236942,322799999000000;11,344788494000101;47,266886644000103
118;Eislaufplatz Sparkassenplatz;Sparkassenplatz;Eislaufplatz;Eissport;80354,852599999896000;236895,748800000000000;11,394822395000100;47,266016368000102
119;Skateplatz Amraser Hallenbad;Stadtpark Rapoldi;Skate-/Rollerbladeplatz;Funsport;81168,436700000399000;236841,426700000010000;11,405561275000100;47,265428028000102
120;Hallenbad Amraserstraße;Amraser Straße 3;Hallenbad;Schwimmen;81148,500599999898000;236812,150200000000000;11,405292589000100;47,265167198000100
121;Hallenbad Höttinger Au;Fürstenweg 12;Hallenbad;Schwimmen;79286,189100000105000;236791,628599999010000;11,380685167000101;47,265209572000103
122;Hallenbad Amraserstraße;Amraser Straße 3;Hallenbad;Schwimmen;81158,973899999604000;236785,489899999990000;11,405426127000100;47,264926148000100
123;Sportanlage HS Hötting;Fürstenweg 13;Sportplatz;Spielplatz;79407,474700000093000;236743,632799999990000;11,382279021000000;47,264763319000103
124;Spielplatz Kranewitterstraße;Kranewitterstraße;Sportplatz;Spielplatz;82268,303899999693000;236763,862400001000000;11,420077777000101;47,264593947000002
125;Sportanlage HS Hötting;Fürstenweg 13;Sporthalle;Sporthalle;79356,157999999807000;236751,006300000010000;11,381602365000001;47,264835818000101
126;Streetballplatz Arthur-Haidl-Promenade 1;Prandtauerufer;Streetballplatz;Funsport;79443,017500000104000;236732,972999999010000;11,382746700000000;47,264663165000101
127;Spielplatz Ursulinenpark;Ursulinenweg;Basketballplatz;Funsport;78138,313000000097000;236586,807299999990000;11,365484280000100;47,263504805000103
128;Sportanlage Ursulinengymnasium;Fürstenweg 86;Sportplatz;Spielplatz;78409,447499999806000;236444,625700000990000;11,369041389000101;47,262193899000103
129;Fitness- und Karatecenter Haslwanter;Reimmichlgasse 9;Fitnesscenter;Fitness/Klettern;78336,462700000004000;236480,358100001000000;11,368083449000000;47,262523936000001
130;Tennisplatz Kranebitter Allee;Kranebitter Allee;Tennisplatz;Tennis/Squash;76913,082600000300000;236474,403800000000000;11,349278287000100;47,262638193999997
131;Innsbrucker Taekwon-do-Center;Andreas-Hofer-Straße 5;Fitnesscenter;Fitness/Klettern;80113,809100000202000;236417,931299999010000;11,391552405000100;47,261748652999998
132;Streetballplatz Arthur-Haidl-Promenade 2;Fischnalerstraße;Streetballplatz;Funsport;79242,201799999893000;236392,088800000000000;11,380033388000101;47,261621726000001
133;Sporthalle HS Müllerstraße;Müllerstraße 38;Sporthalle;Sporthalle;79846,225499999695000;236386,564999999010000;11,388011886000101;47,261499076000099
134;Freibad Tivoli;Purtschellerstraße 1;Freibad;Schwimmen;81278,120000000097000;236345,420700001010000;11,406920389000000;47,260953850000099
135;Sporthalle HS Dr.-Fritz-Prior;Leopoldstraße 15;Sporthalle;Sporthalle;80510,495599999995000;236343,652299999990000;11,396779504000101;47,261032262000100
136;Freibad Tivoli;Purtschellerstraße 1;Freibad;Schwimmen;81385,249800000296000;236306,487700000000000;11,408328534000100;47,260590487000101
137;Freibad Tivoli;Purtschellerstraße 1;Freibad;Schwimmen;81290,309899999804000;236303,590399999000000;11,407073834000100;47,260576160000099
138;Freibad Tivoli;Purtschellerstraße 1;Freibad;Schwimmen;81412,532399999895000;236270,303799999990000;11,408682371000101;47,260261706999998
139;Sporthalle VS Angergasse;Angergasse 18;Sporthalle;Sporthalle;78450,468200000003000;236255,034700001010000;11,369550121000101;47,260483976000003
140;Spielplatz Angergasse;Angergasse;Sportplatz;Spielplatz;78482,295900000303000;236195,259599999990000;11,369960110000100;47,259942611000000
141;Eisschützenclub Tivoli;Bleichenweg 54;Bocciabahn;Sonstiges;83382,336000000098000;236201,323899999000000;11,434690689000099;47,259394842000098
142;Freibad Tivoli;Purtschellerstraße 1;Freibad;Schwimmen;81401,727099999800000;236189,143300000990000;11,408524892000100;47,259533157000099
143;Sporthalle VS Amras;Kirchsteig 8;Sporthalle;Sporthalle;82931,031499999604000;236094,944200000000000;11,428709363999999;47,258495165000099
144;Boccia-/Stockschießanlage Wilten West / Besele II;Innerkoflerstraße 11c;Bocciabahn;Sonstiges;79573,823200000494000;236064,822200000000000;11,384356195000100;47,258638558000101
145;Sportanlage HTBLVA II Trenkwalderstraße;Mitterweg 17;Sportplatz;Spielplatz;79029,323900000207000;236048,678099999000000;11,377160604000000;47,258558945000097
146;Boccia-/Stockschießanlage Wilten West / Besele I;Innerkoflerstraße 11b;Bocciabahn;Sonstiges;79557,327100000301000;236057,823600000000000;11,384137043000100;47,258577611000099
147;Sportanlage HTBLVA II Trenkwalderstraße;Mitterweg 17;Sporthalle;Sporthalle;78996,962799999907000;236051,936000001010000;11,376733693000100;47,258592127000000
148;Universitätssportanlagen;Fürstenweg 185;Tennisplatz;Tennis/Squash;77760,179300000003000;236056,134199999010000;11,360396655000001;47,258777090000102
149;Sparkassentennisclub;Fürstenweg 172b;Tennisplatz;Tennis/Squash;77570,055700000405000;236038,158500001010000;11,357882021000099;47,258637853000003
150;Olympiahalle;Olympiastraße 10;Eishalle;Eissport;81480,382399999493000;236010,723399999990000;11,409531491000100;47,257918875000101
151;Sparkassentennisclub;Fürstenweg 172b;Tennisplatz;Tennis/Squash;77554,301900000297000;236031,772999999990000;11,357672809000100;47,258582282000098
152;Tiroler Wasserkraft Arena;Olympiastraße 10;Eishalle;Eissport;81561,526899999895000;236017,270900000000000;11,410604562000101;47,257967710999999
153;Universitätssportanlagen;Fürstenweg 185;Tennisplatz;Tennis/Squash;77771,676500000103000;236027,978100000010000;11,360543648000100;47,258522517000102
154;Sparkassentennisclub;Fürstenweg 172b;Tennisplatz;Tennis/Squash;77538,581500000306000;236025,452299998990000;11,357464051000100;47,258527289000099
155;Universitätssportanlagen;Fürstenweg 185;Tennisplatz;Tennis/Squash;77753,767400000201000;236026,129599999990000;11,360306750000101;47,258508008000000
156;Spielplatz Pechegarten;Pechestraße;Sportplatz;Spielplatz;80682,374499999903000;236033,461500000000000;11,398994251000101;47,258221628000101
157;Universitätssportanlagen;Fürstenweg 185;Tennisplatz;Tennis/Squash;77727,893799999700000;236023,462900000010000;11,359964501000100;47,258487080000101
158;Fußballplatz Wilten West / Besele;Innerkoflerstraße 11;Fußballplatz;Fußball/Football;79543,644100000194000;235994,704200000010000;11,383945093000101;47,258011619000101
159;Universitätssportanlagen;Fürstenweg 185;Tennisplatz;Tennis/Squash;77709,973799999803000;236021,627699998990000;11,359727461000100;47,258472691000101
160;Sparkassentennisclub;Fürstenweg 172b;Tennisplatz;Tennis/Squash;77522,920599999794000;236019,084799998990000;11,357256071000100;47,258471868000100
161;Universitätssportanlagen;Fürstenweg 185;Tennisplatz;Tennis/Squash;77688,127799999900000;236009,373600001010000;11,359436755000001;47,258365064000103
162;Tennis- und Squashhallen West;Fürstenweg 172;Tennishalle;Tennis/Squash;77415,126899999595000;235990,569499998990000;11,355827205000100;47,258228103000100
163;Tennis- und Squashhallen West;Fürstenweg 172;Squashhalle;Tennis/Squash;77440,304600000396000;235996,955499998990000;11,356160901000100;47,258282574000098
164;Sparkassentennisclub;Fürstenweg 172b;Tennisplatz;Tennis/Squash;77552,426500000103000;235991,372600000000000;11,357641047000101;47,258219171000100
165;Sparkassentennisclub;Fürstenweg 172b;Tennisplatz;Tennis/Squash;77536,685399999798000;235985,068399999000000;11,357432020000100;47,258164329000103
166;Universitätssportanlagen;Fürstenweg 185;Tennisplatz;Tennis/Squash;77753,307599999898000;235976,816299998990000;11,360292124000100;47,258064574999999
167;Universitätssportanlagen;Fürstenweg 185;Tennisplatz;Tennis/Squash;77715,010499999902000;235972,890799999000000;11,359785547000101;47,258033791999999
168;Universitätssportanlagen;Fürstenweg 185;Tennisplatz;Tennis/Squash;77692,122399999804000;235970,517100000990000;11,359482790000101;47,258015145999998
169;Landessportcenter Tirol;Olympiastraße 10a;Hallenbad;Schwimmen;81606,144899999694000;235966,638100000010000;11,411184728000100;47,257506836000097
170;Tennis- und Squashhallen West;Fürstenweg 172;Tennishalle;Tennis/Squash;77441,418700000300000;235955,794199999010000;11,356168508000099;47,257912267999998
171;Eisschnelllaufring;Olympiastraße 10;Eislaufplatz;Eissport;81439,519000000306000;235929,461799999990000;11,408976942000001;47,257193135000101
172;Eisschnelllaufring;Olympiastraße 10;Eislaufplatz;Eissport;81506,830000000104000;235918,935200000010000;11,409864162000099;47,257090139000098
173;Universitätssportanlagen;Fürstenweg 185;Leichtathletikanlage;Sonstiges;77647,342199999795000;235919,645599999990000;11,358882444000100;47,257562925999999
174;Universitätssportanlagen;Fürstenweg 185;Leichtathletikanlage;Sonstiges;77605,245199999801000;235852,940300001010000;11,358314811000101;47,256967989000103
175;Universitätssportanlagen;Fürstenweg 185;Fußballplatz;Fußball/Football;77655,444799999706000;235858,434800001010000;11,358978874000099;47,257011485000099
176;Spielplatz Mitterweg;Mitterweg;Sportplatz;Spielplatz;78551,322300000102000;235883,853700001000000;11,370817399000099;47,257133834000101
177;Spielplatz Mitterweg;Mitterweg;Skate-/Rollerbladeplatz;Funsport;78536,028699999704000;235876,727499998990000;11,370614130000099;47,257071570000100
178;Universitätssportanlagen;Fürstenweg 185;Hallenbad;Schwimmen;77407,804200000101000;235874,495800000000000;11,355710433000100;47,257185080000099
179;Universitätssportanlagen;Fürstenweg 185;Fußballplatz;Fußball/Football;77544,340699999593000;235817,761700000990000;11,357504208000099;47,256658792000103
180;Universitätssportanlagen;Fürstenweg 185;Leichtathletikanlage;Sonstiges;77721,889600000301000;235857,411499999000000;11,359856400000099;47,256994444000000
181;Tivoli Stadion;Stadionstraße 1-1b;Fußballplatz;Fußball/Football;81604,922100000098000;235807,466399998990000;11,411139601000100;47,256075537000100
182;Universitätssportanlagen;Fürstenweg 185;Schießstandhalle;Sonstiges;77347,696499999598000;235848,584899999000000;11,354911966000101;47,256959119000001
183;Universitätssportanlagen;Fürstenweg 185;Fußballplatz;Fußball/Football;77306,945200000002000;235810,477700001010000;11,354367091000100;47,256621195000001
184;Kletterzentrum Tivoli;Stadionstraße 1;Kletterhalle;Fitness/Klettern;81675,912299999996000;235838,919100000000000;11,412083045000101;47,256349593000003
185;Universitätssportanlagen;Fürstenweg 185;Sporthalle;Sporthalle;77474,425499999896000;235846,265099999990000;11,356585593000100;47,256923360000101
186;Universitätssportanlagen;Fürstenweg 185;Sporthalle;Sporthalle;77480,694899999493000;235835,910999999990000;11,356666620000100;47,256829504999999
187;Universitätssportanlagen;Fürstenweg 185;Sporthalle;Sporthalle;77482,114000000103000;235822,360699999990000;11,356683024000100;47,256707476000102
188;Universitätssportanlagen;Fürstenweg 185;Sportplatz;Spielplatz;77372,638100000098000;235805,401000001000000;11,355233981000101;47,256567824000101
189;Olympiaworld;Olympiastraße 10;Fußballplatz;Fußball/Football;81501,650299999907000;235783,780999999000000;11,409771172000100;47,255875321000097
190;Universitätssportanlagen;Fürstenweg 185;Sporthalle;Sporthalle;77449,948099999703000;235812,884199999010000;11,356256493000000;47,256626035000103
191;Universitätssportanlagen;Fürstenweg 185;Sporthalle;Sporthalle;77413,350700000301000;235817,723800000010000;11,355773898000100;47,256673862000099
192;Tennisanlage ÖBB;Hauptfrachtenbahnhof;Tennisplatz;Tennis/Squash;81032,015200000300000;235791,465600001010000;11,403569134000101;47,256002388000098
193;Universitätssportanlagen;Fürstenweg 185;Kletterhalle;Fitness/Klettern;77417,641300000294000;235800,951500000000000;11,355827678000100;47,256522519999997
194;Universitätssportanlagen;Fürstenweg 185;Sporthalle;Sporthalle;77478,367800000095000;235773,953700000010000;11,356625173999999;47,256272578999997
195;Universitätssportanlagen;Fürstenweg 185;Sportplatz;Spielplatz;77164,632899999604000;235766,806000000010000;11,352479709000100;47,256245132000103
196;Universitätssportanlagen;Fürstenweg 185;Skate-/Rollerbladeplatz;Funsport;77125,298200000107000;235775,551600000010000;11,351961628000099;47,256328391000103
197;Universitätssportanlagen;Fürstenweg 185;Sportplatz;Spielplatz;77430,286700000099000;235762,565600000000000;11,355988088000100;47,256175818000102
198;Universitätssportanlagen;Fürstenweg 185;Sportplatz;Spielplatz;77385,708899999998000;235758,452299998990000;11,355398535000100;47,256144065000100
199;Universitätssportanlagen;Fürstenweg 185;Beachvolleyballplatz;Funsport;77086,355600000403000;235766,068900000010000;11,351445590000100;47,256247670000100
200;Tennisanlage ÖBB;Hauptfrachtenbahnhof;Tennisplatz;Tennis/Squash;81039,546000000104000;235754,739899999990000;11,403661970000099;47,255671182000100
201;Universitätssportanlagen;Fürstenweg 185;Beachvolleyballplatz;Funsport;77074,302699999898000;235764,058700001010000;11,351286034000100;47,256231002000099
202;Fitnessparkour Amras;Tummelplatzweg;Fitnessparkour;Fitness/Klettern;82812,821299999996000;235648,659000000010000;11,427065414000101;47,254496566999997
203;Universitätssportanlagen;Fürstenweg 185;Beachvolleyballplatz;Funsport;77062,244199999594000;235762,047300000010000;11,351126403000100;47,256214323999998
204;Universitätssportanlagen;Fürstenweg 185;Sporthalle;Sporthalle;77119,981100000397000;235751,553200001010000;11,351887265000100;47,256113189000096
205;Universitätssportanlagen;Fürstenweg 185;Kletterhalle;Fitness/Klettern;77111,142400000201000;235741,102000000010000;11,351768714000100;47,256020234000097
206;Sportanlage Hans-Flöckinger-Promenade;Hans-Flöckinger-Promenade;Sportplatz;Spielplatz;77509,615000000194000;235737,376900000990000;11,357031606000101;47,255939957000102
207;Sportanlage Hans-Flöckinger-Promenade;Hans-Flöckinger-Promenade;Sportplatz;Spielplatz;77469,888000000297000;235733,312899999000000;11,356506140000100;47,255908083000101
208;Sportanlage Hans-Flöckinger-Promenade;Hans-Flöckinger-Promenade;Skate-/Rollerbladeplatz;Funsport;77424,060499999701000;235720,389300000010000;11,355898561000100;47,255797246000000
209;Olympiaworld;Olympiastraße 10;Beachvolleyballplatz;Funsport;81524,065700000196000;235714,425300000000000;11,410054645000100;47,255248822000098
210;Sportanlage Hans-Flöckinger-Promenade;Hans-Flöckinger-Promenade;Basketballplatz;Funsport;77504,101900000096000;235716,152200000010000;11,356955113000099;47,255749725999998
211;Sportanlage Hans-Flöckinger-Promenade;Hans-Flöckinger-Promenade;Basketballplatz;Funsport;77479,699799999595000;235713,636100000000000;11,356632346000101;47,255729970000097
212;Funsportzentrum Innsbruck;Paschbergweg 3;Sporthalle;Sporthalle;81324,227800000503000;235548,351199998990000;11,407384890000101;47,253780004000099
213;Sportplatz Stift Wilten;Klostergasse;Sportplatz;Spielplatz;80782,224600000307000;235574,107300000000000;11,400230466000000;47,254078341000103
214;Sportanlage PÄDAK;Pastorstraße 7;Leichtathletikanlage;Sonstiges;80464,114099999904000;235418,988000000010000;11,396000829000100;47,252722271000003
215;Sportanlage PÄDAK;Pastorstraße 7;Sportplatz;Spielplatz;80439,962199999994000;235419,384900000000000;11,395681895000100;47,252728791000003
216;Sportanlage PÄDAK;Pastorstraße 7;Sportplatz;Spielplatz;80423,784400000193000;235385,360500000010000;11,395462111000100;47,252424779000101
217;Sportanlage Sieglanger;Josef-Franz-Huter-Straße 72;Fußballplatz;Fußball/Football;77397,332200000106000;235350,921899999990000;11,355481733000101;47,252477661000100
218;Sportanlage Sieglanger;Josef-Franz-Huter-Straße 72;Sportplatz;Spielplatz;77480,992999999798000;235355,123199999010000;11,356587484000000;47,252505609000103
219;Sporthalle VS Sieglanger;Weingartnerstraße 26;Sporthalle;Sporthalle;78230,931400000103000;235345,469199999990000;11,366491264000000;47,252330143000101
220;Sprungschanze Bergisel;Bergisel;Sprungschanze;Wintersport;80738,546699999803000;234969,791200001000000;11,399544740000101;47,248648983000102
221;Tennisplätze Ziegelstadl;Völser Straße;Tennisplatz;Tennis/Squash;77435,909599999897000;234944,450900000000000;11,355921102000099;47,248817615000100
222;Tennisplätze Ziegelstadl;Völser Straße;Tennisplatz;Tennis/Squash;77400,828399999999000;234933,904899999990000;11,355455947999999;47,248726894000100
223;Spielplatz Grillhof;Grillhofweg 100;Sportplatz;Spielplatz;81338,442499999903000;234083,178099999000000;11,407306949000100;47,240601728000101
224;Sporthalle VS Innsbruck-Igls;Habichtstraße 9;Sporthalle;Sporthalle;81319,468999999604000;233145,480400000000000;11,406886495000000;47,232171198000103
225;Schießstand Igls;Igler Straße 58a;Schießstandhalle;Sonstiges;81288,131599999993000;232906,803400000990000;11,406429525000100;47,230028599000001
226;Skigebiet Patscherkofel;Bilgeristraße 24;Skigebiet;Wintersport;81817,107400000095000;232792,169100000000000;11,413392481000100;47,228932222000097
227;Eislaufplatz / Beachvolleyballplatz Igls;nahe Bilgeristraße 24;Eislauf-/Beachvolleyballpl.;Funsport;81854,040400000304000;232813,571399999990000;11,413883984000099;47,229120110000103
228;Skigebiet Patscherkofel;Bilgeristraße 24;Skigebiet;Wintersport;82213,223700000002000;232609,738099999990000;11,418588717000100;47,227242302000001
229;Reitarena Innsbruck-Igls;Römerstraße 50;Reitanlage;Sonstiges;82822,873300000094000;232645,274000000000000;11,426643766000000;47,227485558000097
230;Tennis Park Club Igls;Patscher Straße 21;Tennisplatz;Tennis/Squash;81591,335300000399000;232558,349099999000000;11,410369278000100;47,226857424999999
231;Tennis Park Club Igls;Patscher Straße 21;Tennisplatz;Tennis/Squash;81604,232099999703000;232548,026799999000000;11,410537663000101;47,226762999000101
232;Tennis Park Club Igls;Patscher Straße 21;Tennisplatz;Tennis/Squash;81617,094499999701000;232537,662500000010000;11,410705585000100;47,226668198000098
233;Reitarena Innsbruck-Igls;Römerstraße 50;Reithalle;Sonstiges;82988,194299999595000;232530,534700001010000;11,428805106000100;47,226432899000102
234;Tennis Park Club Igls;Patscher Straße 21;Tennisplatz;Tennis/Squash;81574,286999999502000;232527,965200000010000;11,410138690000100;47,226586288000100
235;Tennis Park Club Igls;Patscher Straße 21;Tennisplatz;Tennis/Squash;81561,246899999707000;232511,925400000010000;11,409963624000101;47,226443652999997
236;Tennis Park Club Igls;Patscher Straße 21;Tennisplatz;Tennis/Squash;81550,690799999997000;232498,609800000010000;11,409821847000000;47,226325209000002
237;Tennis Park Club Igls;Patscher Straße 21;Tennishalle;Tennis/Squash;81593,385099999607000;232453,723399999990000;11,410377327000001;47,225916255000101
238;Tennis Park Club Igls;Patscher Straße 21;Squashhalle;Tennis/Squash;81623,205000000104000;232463,620499999990000;11,410772796000099;47,226001569000097
239;Fußballplatz Igls;Heiligwasserweg;Fußballplatz;Fußball/Football;82391,453900000095000;232406,953899999990000;11,420904478000100;47,225396381000103
240;Tennis Park Club Igls;Patscher Straße 21;Tennisplatz;Tennis/Squash;81566,045199999600000;232437,323100001000000;11,410013419000100;47,225772147000001
241;Skigebiet Patscherkofel;Bilgeristraße 24;Skigebiet;Wintersport;82586,875400000295000;232230,676700000010000;11,423451892999999;47,223786641000103
242;Olympia Bob- und Rodelbahn;Römerstraße;Bobbahn;Wintersport;83445,840499999904000;231937,159799999990000;11,434736507000100;47,221038838000098
243;Skigebiet Patscherkofel;Bilgeristraße 24;Skigebiet;Wintersport;83347,716699999801000;230981,326999999990000;11,433263912000101;47,212455331999998
244;Klettergarten Ahrntal;Vill - Mülldeponie Ahrntal;Klettergarten;Fitness/Klettern;80741,338700000197000;231486,479900001000000;11,398955076000099;47,217322541000001
245;Klettergarten Ahrntal;Vill - Mülldeponie Ahrntal;Klettergarten;Fitness/Klettern;80607,263899999700000;231463,841399998990000;11,397181295000101;47,217135351000103
246;Klettergarten Goldbichl (ÖAV);Römerstraße;Klettergarten;Fitness/Klettern;82292,300900000104000;231311,878200000010000;11,419394890000101;47,215560580000002
247;Freibad Tivoli;Purtschellerstraße 1;Basketballplatz;Funsport;81335,983300000400000;236189,560200000010000;11,407656496000101;47,259545031000101
248;Freibad Tivoli;Purtschellerstraße 1;Sportplatz;Spielplatz;81351,354100000099000;236133,372800000010000;11,407849346000100;47,259037831000100
249;Freibad Tivoli;Purtschellerstraße 1;Skate-/Rollerbladeplatz;Funsport;81384,157599999598000;236127,299100000000000;11,408281572000099;47,258979156000102
250;Hypoxi Studio, Dobernig & Hintringer OEG;Viaduktbogen 53;Fitnesscenter;Fitness/Klettern;81064,589800000205000;237451,221200000000000;11,404299643000099;47,270924782000101
251;Fitnesscenter Lhotka;Innrain 11;Fitnesscenter;Fitness/Klettern;80093,782599999598000;236960,670799999990000;11,391384843000100;47,266632038000097
252;Fitnesscenter Kleewein;Grabenweg 67b;Fitnesscenter;Fitness/Klettern;83672,015800000197000;236856,521600001000000;11,438639625000100;47,265250305000102
253;Body-Mind;Andreas-Hofer-Straße 11-13;Fitnesscenter;Fitness/Klettern;80132,525100000203000;236330,958699999000000;11,391784104000100;47,260964215999998
254;Body-Mind;Andreas-Hofer-Straße 11-13;Fitnesscenter;Fitness/Klettern;80135,317400000102000;236313,185300000010000;11,391817814000101;47,260804037000099
255;Alfa Sports and SPA;Innrain 143;Fitnesscenter;Fitness/Klettern;79055,267099999794000;235781,855099999990000;11,377456259000001;47,256156233000098
256;Baggersee Minigolf;Archenweg;Minigolfanlage;Golf/Minigolf;84317,559799999901000;237080,718900001000000;11,447210222000100;47,267184135000001
257;Baggersee Minigolf;Archenweg;Skate-/Rollerbladeplatz;Funsport;84367,732599999799000;237066,349300000990000;11,447870382000101;47,267048480000099
258;Baggersee;Archenweg;Beachvolleyballplatz;Funsport;84280,771900000094000;237049,181199999990000;11,446718260000100;47,266905227999999
331;BMX-Dirtpark;Hans-Flöckinger-Promenade;Skate-/Rollerbladeplatz;Funsport;76782,998800000205000;235560,074499999990000;11,347403165999999;47,254430536000100
332;Spielplatz Sauerweinwiese;Kranebitterbodenweg;Sportplatz;Spielplatz;75289,082000000402000;236752,268300000990000;11,327870257000100;47,265324816000103
333;Baggersee;Archenweg;Sportplatz;Spielplatz;84130,865799999796000;236819,894200001000000;11,444694706000099;47,264862427000097
334;Tennis Park Club Igls;Patscher Straße 21;Tennisplatz;Tennis/Squash;81647,330000000104000;232572,347200001010000;11,411111054000100;47,226976379000099
335;Tennis Park Club Igls;Patscher Straße 21;Tennisplatz;Tennis/Squash;81619,697100000500000;232591,331299999990000;11,410749700000100;47,227150529000099
336;Tennis Park Club Igls;Patscher Straße 21;Tennisplatz;Tennis/Squash;81633,764800000004000;232581,485400000990000;11,410933630000001;47,227060241000103
337;Reitarena Innsbruck-Igls;Römerstraße 50;Reithalle;Sonstiges;82900,054200000101000;232657,353800001000000;11,427664929000100;47,227584490000098
338;Volkshaus Innsbruck Sportanlage;Radetzkystraße 47;Fußballplatz;Fußball/Football;82652,261800000400000;237415,894600000000000;11,425270579000101;47,270409618000102
339;Volkshaus Innsbruck Sportanlage;Radetzkystraße 47;Tennisplatz;Tennis/Squash;82619,183699999907000;237472,753000000000000;11,424844019000099;47,270925102000000
340;Volkshaus Innsbruck Sportanlage;Radetzkystraße 47;Tennisplatz;Tennis/Squash;82695,868599999696000;237471,311100001010000;11,425856967000099;47,270902503999999
341;Volkshaus Innsbruck Sportanlage;Radetzkystraße 47;Tennisplatz;Tennis/Squash;82679,577499999694000;237500,274999999990000;11,425647064000101;47,271165024000098
342;Volkshaus Innsbruck Sportanlage;Radetzkystraße 47;Tennisplatz;Tennis/Squash;82661,999699999593000;237491,714100000010000;11,425413233000100;47,271090244000099
343;Volkshaus Innsbruck Sportanlage;Radetzkystraße 47;Tennisplatz;Tennis/Squash;82646,288700000398000;237484,100400001010000;11,425204243000101;47,271023746000097
344;Volkshaus Innsbruck Sportanlage;Radetzkystraße 47;Tennisplatz;Tennis/Squash;82696,440000000395000;237509,322500000010000;11,425871534000100;47,271244270000103
345;Hallenbad Olympisches Dorf;Kugelfangweg 46;Hallenbad;Schwimmen;84296,911999999502000;237332,318200000010000;11,446984774000001;47,269449412000100
259;Baggersee;Archenweg;Bocciabahn;Sonstiges;84308,753399999798000;237051,703000000010000;11,447088415000101;47,266924323000097
260;Baggersee;Archenweg;Freibad;Schwimmen;84294,826999999597000;236923,258500000000000;11,446880259000100;47,265771004999998
261;Baggersee;Archenweg;Eislaufplatz;Eissport;84474,775999999605000;236983,395699999990000;11,449268958000101;47,266288749000097
262;Sportanlage Ursulinengymnasium;Fürstenweg 86;Hallenbad;Schwimmen;78460,977699999698000;236502,878300000010000;11,369732339000100;47,262711640000099
263;Sportanlage Ursulinengymnasium;Fürstenweg 86;Sporthalle;Sporthalle;78473,731100000397000;236471,289100001010000;11,369895292000100;47,262426031000103
264;Sportanlage PÄDAK;Pastorstraße 7;Sporthalle;Sporthalle;80393,920499999993000;235457,308400000010000;11,395080561000000;47,253075465000101
265;Volkshaus Innsbruck Sportanlage;Radetzkystraße 47;Kegelbahn;Sporthalle;82587,468700000099000;237441,015799999000000;11,424419127000100;47,270643667999998
266;Tennis- und Squashcenter;Stadlweg 40;Tennishalle;Tennis/Squash;83088,260700000494000;237015,263400000000000;11,430956929000001;47,266751823000099
267;Tennis- und Squashcenter;Stadlweg 40;Squashhalle;Tennis/Squash;83112,247899999798000;237013,563599999990000;11,431273524000099;47,266733508000101
268;Tennis- und Squashcenter;Stadlweg 40;Tennishalle;Tennis/Squash;83136,801599999904000;237012,430299998990000;11,431597708000099;47,266720216000103
269;Landessportcenter Tirol;Olympiastraße 10a;Sporthalle;Sporthalle;81616,303299999796000;235932,063800000000000;11,411312620000000;47,257194646000102
270;Landessportcenter Tirol;Olympiastraße 10a;Sporthalle;Sporthalle;81636,492100000396000;235931,102399999010000;11,411579125000101;47,257183497000099
271;ACT Fitness Studio Tivoli GmbH;Stadionstraße 1;Fitnesscenter;Fitness/Klettern;81689,904099999898000;235790,249500000990000;11,412258996000000;47,255910166000000
272;Inn-Lauf-Meilen;Karwendel Brücke bis New-Orleans-Brücke;Fitnessparkour;Fitness/Klettern;81506,811300000205000;238506,415200001010000;11,410334652000101;47,280359627000102
273;Body and Soul;Mitterweg 16;Fitnesscenter;Fitness/Klettern;78941,156700000196000;236174,222200001010000;11,376018038000000;47,259698566000097
274;Spielplatz SOS - Kinderdorf;Hermann-Gmeiner-Straße 51;Sportplatz;Spielplatz;84270,604000000298000;236329,305299998990000;11,446448543000100;47,260432682000001
275;Skigebiet Nordpark;Höhenstraße 145;Skigebiet;Wintersport;79145,962500000402000;241504,167599999990000;11,379665803000099;47,307607107000102
276;Sportanlage BHAK/BHAS Innsbruck;Karl-Schönherr-Straße 2;Sportplatz;Spielplatz;80762,485700000107000;238023,298500000000000;11,400411154000000;47,276106687000002
277;Sportkegelbahn VS Fischerstraße;Franz-Fischer-Straße 38;Kegelbahn;Sporthalle;79949,871100000106000;236080,226299998990000;11,389326458000101;47,258731539000102
278;Sporthalle VS Fischerstraße;Franz-Fischer-Straße 38;Sporthalle;Sporthalle;79940,834499999895000;236095,590600001010000;11,389209826000100;47,258870810000097
279;Sportanlage Wiesengasse;Wiesengasse 60;Fußballplatz;Fußball/Football;81842,322999999902000;235701,257300000990000;11,414256053000100;47,255090923000097
280;Sportanlage Wiesengasse;Wiesengasse 60;Fußballplatz;Fußball/Football;81910,884999999806000;235719,383700000010000;11,415164986000100;47,255245410999997
281;Sportanlage Wiesengasse;Wiesengasse 60;Fußballplatz;Fußball/Football;81985,289599999800000;235735,460599999990000;11,416150724000101;47,255380733000003
282;Freibad Tivoli;Purtschellerstraße 1;Beachvolleyballplatz;Funsport;81330,538999999902000;236208,130500000000000;11,407587947000099;47,259712708000102
283;Freibad Tivoli;Purtschellerstraße 1;Beachvolleyballplatz;Funsport;81327,293100000403000;236221,831199999990000;11,407547555000100;47,259836321000101
284;Happy Fitness;Mitterweg 21;Fitnesscenter;Fitness/Klettern;78952,645800000100000;236004,183599999000000;11,376139863000001;47,258167994000097
285;Sporthalle HTBLVA I Anichstraße;Anichstraße 26-28;Sporthalle;Sporthalle;79907,633600000307000;236800,761000000000000;11,388896967999999;47,265216564000099
286;Sporthalle HTBLVA I Anichstraße;Anichstraße 26-28;Sporthalle;Sporthalle;79936,969700000205000;236779,611700000010000;11,389280768000001;47,265022803000100
287;Sporthalle ITV - Innsbrucker Turnverein;Fallmerayerstraße 12;Sporthalle;Sporthalle;80107,187099999705000;236675,912099999990000;11,391511036000100;47,264069525000103
288;Sporthalle ITV - Innsbrucker Turnverein;Fallmerayerstraße 12;Sporthalle;Sporthalle;80087,061200000302000;236671,136499999000000;11,391244297000100;47,264029025000099
289;Sporthalle VS Hötting;Schulgasse 4;Sporthalle;Sporthalle;79672,593700000099000;237586,187899999000000;11,385931421000100;47,272308536000097
290;Sporthalle VS Hötting;Schulgasse 4;Sporthalle;Sporthalle;79674,688400000305000;237563,820599998990000;11,385955120000100;47,272107129000098
291;Judozentrum Innsbruck;Franz-Fischer-Straße 7c;Sporthalle;Sporthalle;80421,713600000396000;236006,594900000990000;11,395546190000100;47,258011899000103
292;Sporthalle Akademisches Gymnasium Innsbruck;Angerzellgasse 14;Sporthalle;Sporthalle;80513,913499999806000;237123,840900000010000;11,396964829000099;47,268048199000098
293;Sporthalle BG/BRG Sillgasse;Sillgasse 10;Sporthalle;Sporthalle;80674,416899999604000;237047,141299999990000;11,399071604000101;47,267338777000099
294;City Squash and Fitness;Hunoldstraße 5;Fitnesscenter;Fitness/Klettern;81216,705099999905000;236617,134400001000000;11,406158318000100;47,263404985000101
295;City Squash and Fitness;Hunoldstraße 5;Squashhalle;Tennis/Squash;81203,048100000204000;236602,477600001000000;11,405975241000100;47,263274858999999
296;Sporthalle BG/BRG Reithmannstraße;Reithmannstraße 1-3;Sporthalle;Sporthalle;81913,300300000206000;237505,046200000010000;11,415523281000000;47,271303752999998
297;Sporthalle BG/BRG Reithmannstraße;Reithmannstraße 1-3;Sporthalle;Sporthalle;81938,363699999594000;237469,144499999990000;11,415847872000100;47,270977765000097
298;Body and Soul Women;Amraser-See-Straße 60;Fitnesscenter;Fitness/Klettern;83071,235299999797000;236649,526799999000000;11,430664191000099;47,263464884000101
299;Vereinsheim Arzl;Schusterbergweg 15;Sporthalle;Sporthalle;83120,599600000307000;238688,750000000000000;11,431694772000100;47,281797462999997
300;Sporthalle VS Pradl-Ost / Siegmairschule;Siegmairstraße 1;Sporthalle;Sporthalle;82363,285699999906000;236783,202800000000000;11,421336149000100;47,264755999999998
301;Sporthalle VS Pradl-Ost / Siegmairschule;Siegmairstraße 1;Sporthalle;Sporthalle;82407,495900000402000;236689,364499999010000;11,421902961000100;47,263906571000099
302;Tennisclub IEV;Reichenauer Straße 144;Beachvolleyballplatz;Funsport;82773,624800000296000;237774,591499998990000;11,426940380000101;47,273620145000102
303;Sportanlage Hötting West;Franz-Baumann-Weg 8;Leichtathletikanlage;Sonstiges;76477,906299999901000;236953,595399999990000;11,343610953000100;47,266998398000098
304;Sportanlage Hötting West;Franz-Baumann-Weg 8;Fußballplatz;Fußball/Football;76504,587399999597000;236959,010299999000000;11,343964390000099;47,267043995999998
305;Sportanlage Hötting West;Franz-Baumann-Weg 8;Fußballplatz;Fußball/Football;76444,759800000102000;236943,188700000000000;11,343171244000100;47,266908657000002
306;Sportanlage Hötting West;Franz-Baumann-Weg 8;Basketballplatz;Funsport;76522,130300000295000;236895,156500001000000;11,344185265000100;47,266467701000103
307;Sportanlage Hötting West;Franz-Baumann-Weg 8;Eislauf-/Beachvolleyballpl.;Funsport;76500,289699999601000;236890,881400000010000;11,343895979000100;47,266431791999999
308;Tivoli Leichtathletikanlage;Stadionstraße 1, Zugang Wiesengasse;Leichtathletikanlage;Sonstiges;81397,248900000006000;235765,508300001010000;11,408388814000100;47,255723906000100
309;Tivoli Leichtathletikanlage;Stadionstraße 1, Zugang Wiesengasse;Basketballplatz;Funsport;81422,534400000193000;235832,773800001010000;11,408735026000000;47,256325707000101
310;Tivoli Leichtathletikanlage;Stadionstraße 1, Zugang Wiesengasse;Fußballplatz;Fußball/Football;81436,768799999700000;235772,800500000010000;11,408912156000000;47,255784599000002
311;Tivoli Leichtathletikanlage;Stadionstraße 1, Zugang Wiesengasse;Leichtathletikanlage;Sonstiges;81400,268000000200000;235824,975500000990000;11,408439490000100;47,256258328999998
312;Tivoli Leichtathletikanlage;Stadionstraße 1, Zugang Wiesengasse;Leichtathletikanlage;Sonstiges;81424,965200000399000;235705,757600000010000;11,408744066000100;47,255183133000102
313;Tivoli Leichtathletikanlage;Stadionstraße 1, Zugang Wiesengasse;Leichtathletikanlage;Sonstiges;81473,638899999700000;235712,210800000000000;11,409388162000100;47,255235147000100
314;Tivoli Leichtathletikanlage;Stadionstraße 1, Zugang Wiesengasse;Leichtathletikanlage;Sonstiges;81490,423999999693000;235696,178600000010000;11,409606960000101;47,255088891000099
315;Tivoli Leichtathletikanlage;Stadionstraße 1, Zugang Wiesengasse;Leichtathletikanlage;Sonstiges;81435,200199999803000;235700,412699999000000;11,408878288000000;47,255133800000102
316;Fun-Court;Olympiastraße;Sportplatz;Spielplatz;81365,698900000207000;236085,290400000000000;11,408030111000100;47,258603647000101
317;Fun-Court;Olympiastraße;Streetballplatz;Funsport;81325,365000000194000;236081,059500000000000;11,407496544000100;47,258570581000100
318;Fun-Court;Olympiastraße;Sportplatz;Spielplatz;81326,775299999907000;236065,546499999010000;11,407512360000100;47,258430896999997
319;Freibad Gruberhof;Heiligwasserweg;Freibad;Schwimmen;81962,453300000197000;232738,254799999010000;11,415301539000000;47,228429304000102
320;Olympia Golf;Badhausstraße;Golfplatz;Golf/Minigolf;82636,822100000500000;232306,339500000990000;11,424125162000101;47,224460827000101
321;Billard-Sport-Arena;Bachlechnerstraße 46;Billard;Sonstiges;78907,659300000407000;236710,142800000000000;11,375669881000100;47,264522231999997
322;At Charly´s Friends;Adamgasse 23;Billard;Sonstiges;80651,801500000103000;236324,882999999010000;11,398642827000099;47,260846172000100
323;Pool Café;Müllerstraße 27;Billard;Sonstiges;80050,063299999601000;236341,218300000010000;11,390696587000001;47,261066513000102
324;Billardlokal Verein Little Pool Team Innsbruck;Reichenauer Straße 19;Billard;Sonstiges;81533,155700000003000;237388,674699999010000;11,410479308999999;47,270304416000002
325;Billardlokal Tiroler Pool Billard Trainingszentrum;Dörrstraße 51;Billard;Sonstiges;83542,825199999803000;238336,484099999010000;11,437208898000099;47,278576050000098
326;Billardlokal Verein BC Grand Prix Innsbruck;Innrain 102;Billard;Sonstiges;79135,019999999597000;235954,973399999990000;11,378540289000100;47,257703545000098
327;WUB-Skatehalle;Matthias-Schmid-Straße 12;Skate-/Rollerbladehalle;Funsport;81826,329500000007000;238145,567199999000000;11,414491172000099;47,277074831999997
328;Funsportzentrum Innsbruck;Paschbergweg 3;Tennishalle;Tennis/Squash;81301,049800000197000;235606,106899998990000;11,407089216000101;47,254302271000100
329;Sporthalle BORG Fallmerayerstraße;Fallmerayerstraße 7;Sporthalle;Sporthalle;80235,845300000205000;236590,082300000010000;11,393195389000100;47,263281974999998
330;Minigolf Kranebitter Hof;Kranebitter Allee 203;Minigolfanlage;Golf/Minigolf;75360,538400000005000;236401,628699999010000;11,328755366000101;47,262163218000097
